station_id,position_lat,position_lng,record_time,record_date,record_hour,sunrise,sunset,temp,feels_like,pressure,humidity,uvi,weather_id,wind_speed,wind_gust,rain_1h,snow_1h
1,53.3409,-6.2625,"2025-03-03 19:53:28",2025-03-03,19,"2025-03-03 07:08:03","2025-03-03 18:06:13",10.16,9.16,1028,74,0,803,2.06,0,0,0
1,53.3409,-6.2625,"2025-03-03 20:00:01",2025-03-03,20,"2025-03-03 07:08:03","2025-03-03 18:06:13",10.16,9.16,1028,74,0,803,2.06,0,0,0
2,53.3568,-6.26814,"2025-03-03 19:53:28",2025-03-03,19,"2025-03-03 07:08:05","2025-03-03 18:06:13",10.16,9.16,1028,74,0,803,2.24,0,0,0
2,53.3568,-6.26814,"2025-03-03 20:00:01",2025-03-03,20,"2025-03-03 07:08:05","2025-03-03 18:06:13",10.16,9.16,1028,74,0,803,2.24,0,0,0
3,53.3512,-6.26986,"2025-03-03 19:53:28",2025-03-03,19,"2025-03-03 07:08:05","2025-03-03 18:06:14",10.23,9.24,1028,74,0,803,2.24,0,0,0
3,53.3512,-6.26986,"2025-03-03 20:00:02",2025-03-03,20,"2025-03-03 07:08:05","2025-03-03 18:06:14",10.23,9.24,1028,74,0,803,2.24,0,0,0
4,53.3469,-6.27298,"2025-03-03 19:53:28",2025-03-03,19,"2025-03-03 07:08:05","2025-03-03 18:06:14",10.23,9.24,1028,74,0,803,2.24,0,0,0
4,53.3469,-6.27298,"2025-03-03 20:00:02",2025-03-03,20,"2025-03-03 07:08:05","2025-03-03 18:06:14",10.23,9.24,1028,74,0,803,2.24,0,0,0
5,53.3307,-6.26018,"2025-03-03 19:53:29",2025-03-03,19,"2025-03-03 07:08:02","2025-03-03 18:06:13",10.13,9.13,1028,74,0,803,2.06,0,0,0
5,53.3307,-6.26018,"2025-03-03 20:00:03",2025-03-03,20,"2025-03-03 07:08:02","2025-03-03 18:06:13",10.13,9.13,1028,74,0,803,2.06,0,0,0
6,53.3434,-6.27012,"2025-03-03 19:53:29",2025-03-03,19,"2025-03-03 07:08:05","2025-03-03 18:06:15",10.18,9.19,1028,74,0,803,2.06,0,0,0
6,53.3434,-6.27012,"2025-03-03 20:00:03",2025-03-03,20,"2025-03-03 07:08:05","2025-03-03 18:06:15",10.18,9.19,1028,74,0,803,2.06,0,0,0
7,53.3436,-6.27507,"2025-03-03 19:53:29",2025-03-03,19,"2025-03-03 07:08:06","2025-03-03 18:06:16",10.18,9.19,1028,74,0,803,2.06,0,0,0
7,53.3436,-6.27507,"2025-03-03 20:00:04",2025-03-03,20,"2025-03-03 07:08:06","2025-03-03 18:06:16",10.18,9.19,1028,74,0,803,2.06,0,0,0
8,53.3479,-6.24805,"2025-03-03 19:53:30",2025-03-03,19,"2025-03-03 07:08:00","2025-03-03 18:06:09",10.25,9.26,1028,74,0,803,2.24,0,0,0
8,53.3479,-6.24805,"2025-03-03 20:00:04",2025-03-03,20,"2025-03-03 07:08:00","2025-03-03 18:06:09",10.25,9.26,1028,74,0,803,2.24,0,0,0
9,53.343,-6.26358,"2025-03-03 19:53:28",2025-03-03,19,"2025-03-03 07:08:03","2025-03-03 18:06:13",10.16,9.16,1028,74,0,803,2.06,0,0,0
9,53.343,-6.26358,"2025-03-03 20:00:01",2025-03-03,20,"2025-03-03 07:08:03","2025-03-03 18:06:13",10.16,9.16,1028,74,0,803,2.06,0,0,0
10,53.344,-6.2668,"2025-03-03 19:53:29",2025-03-03,19,"2025-03-03 07:08:05","2025-03-03 18:06:15",10.18,9.19,1028,74,0,803,2.06,0,0,0
10,53.344,-6.2668,"2025-03-03 20:00:03",2025-03-03,20,"2025-03-03 07:08:05","2025-03-03 18:06:15",10.18,9.19,1028,74,0,803,2.06,0,0,0
11,53.3343,-6.2585,"2025-03-03 19:53:29",2025-03-03,19,"2025-03-03 07:08:02","2025-03-03 18:06:13",10.13,9.13,1028,74,0,803,2.06,0,0,0
11,53.3343,-6.2585,"2025-03-03 20:00:03",2025-03-03,20,"2025-03-03 07:08:02","2025-03-03 18:06:13",10.13,9.13,1028,74,0,803,2.06,0,0,0
12,53.3592,-6.26978,"2025-03-03 19:53:28",2025-03-03,19,"2025-03-03 07:08:05","2025-03-03 18:06:13",10.16,9.16,1028,74,0,803,2.24,0,0,0
12,53.3592,-6.26978,"2025-03-03 20:00:01",2025-03-03,20,"2025-03-03 07:08:05","2025-03-03 18:06:13",10.16,9.16,1028,74,0,803,2.24,0,0,0
13,53.3361,-6.25282,"2025-03-03 19:53:31",2025-03-03,19,"2025-03-03 07:08:00","2025-03-03 18:06:11",10.15,9.15,1028,74,0,803,2.06,0,0,0
13,53.3361,-6.25282,"2025-03-03 20:00:06",2025-03-03,20,"2025-03-03 07:08:00","2025-03-03 18:06:11",10.15,9.15,1028,74,0,803,2.06,0,0,0
14,53.3446,-6.26337,"2025-03-03 19:53:28",2025-03-03,19,"2025-03-03 07:08:03","2025-03-03 18:06:13",10.16,9.16,1028,74,0,803,2.06,0,0,0
14,53.3446,-6.26337,"2025-03-03 20:00:01",2025-03-03,20,"2025-03-03 07:08:03","2025-03-03 18:06:13",10.16,9.16,1028,74,0,803,2.06,0,0,0
15,53.3555,-6.26442,"2025-03-03 19:53:32",2025-03-03,19,"2025-03-03 07:08:04","2025-03-03 18:06:12",10.2,9.21,1028,74,0,803,2.24,0,0,0
15,53.3555,-6.26442,"2025-03-03 20:00:06",2025-03-03,20,"2025-03-03 07:08:04","2025-03-03 18:06:12",10.2,9.21,1028,74,0,803,2.24,0,0,0
16,53.3475,-6.25219,"2025-03-03 19:53:30",2025-03-03,19,"2025-03-03 07:08:00","2025-03-03 18:06:09",10.25,9.26,1028,74,0,803,2.24,0,0,0
16,53.3475,-6.25219,"2025-03-03 20:00:04",2025-03-03,20,"2025-03-03 07:08:00","2025-03-03 18:06:09",10.25,9.26,1028,74,0,803,2.24,0,0,0
17,53.3408,-6.26773,"2025-03-03 19:53:29",2025-03-03,19,"2025-03-03 07:08:05","2025-03-03 18:06:15",10.18,9.19,1028,74,0,803,2.06,0,0,0
17,53.3408,-6.26773,"2025-03-03 20:00:03",2025-03-03,20,"2025-03-03 07:08:05","2025-03-03 18:06:15",10.18,9.19,1028,74,0,803,2.06,0,0,0
18,53.3341,-6.26544,"2025-03-03 19:53:33",2025-03-03,19,"2025-03-03 07:08:03","2025-03-03 18:06:14",10.15,9.15,1028,74,0,803,2.06,0,0,0
18,53.3341,-6.26544,"2025-03-03 20:00:08",2025-03-03,20,"2025-03-03 07:08:03","2025-03-03 18:06:14",10.15,9.15,1028,74,0,803,2.06,0,0,0
19,53.3344,-6.24557,"2025-03-03 19:53:33",2025-03-03,19,"2025-03-03 07:07:58","2025-03-03 18:06:09",10.16,9.16,1028,74,0,803,2.06,0,0,0
19,53.3344,-6.24557,"2025-03-03 20:00:08",2025-03-03,20,"2025-03-03 07:07:58","2025-03-03 18:06:09",10.16,9.16,1028,74,0,803,2.06,0,0,0
20,53.3366,-6.24811,"2025-03-03 19:53:31",2025-03-03,19,"2025-03-03 07:08:00","2025-03-03 18:06:11",10.15,9.15,1028,74,0,803,2.06,0,0,0
20,53.3366,-6.24811,"2025-03-03 20:00:06",2025-03-03,20,"2025-03-03 07:08:00","2025-03-03 18:06:11",10.15,9.15,1028,74,0,803,2.06,0,0,0
21,53.3422,-6.25449,"2025-03-03 19:53:31",2025-03-03,19,"2025-03-03 07:08:00","2025-03-03 18:06:11",10.15,9.15,1028,74,0,803,2.06,0,0,0
21,53.3422,-6.25449,"2025-03-03 20:00:06",2025-03-03,20,"2025-03-03 07:08:00","2025-03-03 18:06:11",10.15,9.15,1028,74,0,803,2.06,0,0,0
22,53.3459,-6.25461,"2025-03-03 19:53:30",2025-03-03,19,"2025-03-03 07:08:00","2025-03-03 18:06:09",10.25,9.26,1028,74,0,803,2.24,0,0,0
22,53.3459,-6.25461,"2025-03-03 20:00:04",2025-03-03,20,"2025-03-03 07:08:00","2025-03-03 18:06:09",10.25,9.26,1028,74,0,803,2.24,0,0,0
23,53.3483,-6.25466,"2025-03-03 19:53:30",2025-03-03,19,"2025-03-03 07:08:00","2025-03-03 18:06:09",10.25,9.26,1028,74,0,803,2.24,0,0,0
23,53.3483,-6.25466,"2025-03-03 20:00:04",2025-03-03,20,"2025-03-03 07:08:00","2025-03-03 18:06:09",10.25,9.26,1028,74,0,803,2.24,0,0,0
24,53.3521,-6.26053,"2025-03-03 19:53:35",2025-03-03,19,"2025-03-03 07:08:03","2025-03-03 18:06:12",10.19,9.2,1028,74,0,803,2.24,0,0,0
24,53.3521,-6.26053,"2025-03-03 20:00:10",2025-03-03,20,"2025-03-03 07:08:03","2025-03-03 18:06:12",10.19,9.2,1028,74,0,803,2.24,0,0,0
25,53.3394,-6.24655,"2025-03-03 19:53:31",2025-03-03,19,"2025-03-03 07:08:00","2025-03-03 18:06:11",10.15,9.15,1028,74,0,803,2.06,0,0,0
25,53.3394,-6.24655,"2025-03-03 20:00:06",2025-03-03,20,"2025-03-03 07:08:00","2025-03-03 18:06:11",10.15,9.15,1028,74,0,803,2.06,0,0,0
26,53.3398,-6.25199,"2025-03-03 19:53:31",2025-03-03,19,"2025-03-03 07:08:00","2025-03-03 18:06:11",10.15,9.15,1028,74,0,803,2.06,0,0,0
26,53.3398,-6.25199,"2025-03-03 20:00:06",2025-03-03,20,"2025-03-03 07:08:00","2025-03-03 18:06:11",10.15,9.15,1028,74,0,803,2.06,0,0,0
27,53.3413,-6.25812,"2025-03-03 19:53:28",2025-03-03,19,"2025-03-03 07:08:03","2025-03-03 18:06:13",10.16,9.16,1028,74,0,803,2.06,0,0,0
27,53.3413,-6.25812,"2025-03-03 20:00:01",2025-03-03,20,"2025-03-03 07:08:03","2025-03-03 18:06:13",10.16,9.16,1028,74,0,803,2.06,0,0,0
28,53.3563,-6.25859,"2025-03-03 19:53:32",2025-03-03,19,"2025-03-03 07:08:04","2025-03-03 18:06:12",10.2,9.21,1028,74,0,803,2.24,0,0,0
28,53.3563,-6.25859,"2025-03-03 20:00:06",2025-03-03,20,"2025-03-03 07:08:04","2025-03-03 18:06:12",10.2,9.21,1028,74,0,803,2.24,0,0,0
29,53.3461,-6.268,"2025-03-03 19:53:28",2025-03-03,19,"2025-03-03 07:08:05","2025-03-03 18:06:14",10.23,9.24,1028,74,0,803,2.24,0,0,0
29,53.3461,-6.268,"2025-03-03 20:00:02",2025-03-03,20,"2025-03-03 07:08:05","2025-03-03 18:06:14",10.23,9.24,1028,74,0,803,2.24,0,0,0
30,53.3537,-6.2653,"2025-03-03 19:53:28",2025-03-03,19,"2025-03-03 07:08:05","2025-03-03 18:06:14",10.23,9.24,1028,74,0,803,2.24,0,0,0
30,53.3537,-6.2653,"2025-03-03 20:00:02",2025-03-03,20,"2025-03-03 07:08:05","2025-03-03 18:06:14",10.23,9.24,1028,74,0,803,2.24,0,0,0
31,53.3509,-6.26512,"2025-03-03 19:53:28",2025-03-03,19,"2025-03-03 07:08:05","2025-03-03 18:06:14",10.23,9.24,1028,74,0,803,2.24,0,0,0
31,53.3509,-6.26512,"2025-03-03 20:00:02",2025-03-03,20,"2025-03-03 07:08:05","2025-03-03 18:06:14",10.23,9.24,1028,74,0,803,2.24,0,0,0
32,53.3443,-6.25043,"2025-03-03 19:53:31",2025-03-03,19,"2025-03-03 07:08:00","2025-03-03 18:06:11",10.15,9.15,1028,74,0,803,2.06,0,0,0
32,53.3443,-6.25043,"2025-03-03 20:00:06",2025-03-03,20,"2025-03-03 07:08:00","2025-03-03 18:06:11",10.15,9.15,1028,74,0,803,2.06,0,0,0
33,53.349,-6.26031,"2025-03-03 19:53:35",2025-03-03,19,"2025-03-03 07:08:03","2025-03-03 18:06:12",10.19,9.2,1028,74,0,803,2.24,0,0,0
33,53.349,-6.26031,"2025-03-03 20:00:10",2025-03-03,20,"2025-03-03 07:08:03","2025-03-03 18:06:12",10.19,9.2,1028,74,0,803,2.24,0,0,0
34,53.3304,-6.26516,"2025-03-03 19:53:33",2025-03-03,19,"2025-03-03 07:08:03","2025-03-03 18:06:14",10.15,9.15,1028,74,0,803,2.06,0,0,0
34,53.3304,-6.26516,"2025-03-03 20:00:08",2025-03-03,20,"2025-03-03 07:08:03","2025-03-03 18:06:14",10.15,9.15,1028,74,0,803,2.06,0,0,0
35,53.3477,-6.27821,"2025-03-03 19:53:39",2025-03-03,19,"2025-03-03 07:08:07","2025-03-03 18:06:16",10.24,9.25,1028,74,0,803,2.24,0,0,0
35,53.3477,-6.27821,"2025-03-03 20:00:14",2025-03-03,20,"2025-03-03 07:08:07","2025-03-03 18:06:16",10.24,9.25,1028,74,0,803,2.24,0,0,0
36,53.3378,-6.25603,"2025-03-03 19:53:28",2025-03-03,19,"2025-03-03 07:08:03","2025-03-03 18:06:13",10.16,9.16,1028,74,0,803,2.06,0,0,0
36,53.3378,-6.25603,"2025-03-03 20:00:01",2025-03-03,20,"2025-03-03 07:08:03","2025-03-03 18:06:13",10.16,9.16,1028,74,0,803,2.06,0,0,0
37,53.3375,-6.26199,"2025-03-03 19:53:28",2025-03-03,19,"2025-03-03 07:08:03","2025-03-03 18:06:13",10.16,9.16,1028,74,0,803,2.06,0,0,0
37,53.3375,-6.26199,"2025-03-03 20:00:01",2025-03-03,20,"2025-03-03 07:08:03","2025-03-03 18:06:13",10.16,9.16,1028,74,0,803,2.06,0,0,0
38,53.351,-6.25294,"2025-03-03 19:53:30",2025-03-03,19,"2025-03-03 07:08:00","2025-03-03 18:06:09",10.25,9.26,1028,74,0,803,2.24,0,0,0
38,53.351,-6.25294,"2025-03-03 20:00:04",2025-03-03,20,"2025-03-03 07:08:00","2025-03-03 18:06:09",10.25,9.26,1028,74,0,803,2.24,0,0,0
39,53.3324,-6.25272,"2025-03-03 19:53:33",2025-03-03,19,"2025-03-03 07:07:58","2025-03-03 18:06:09",10.16,9.16,1028,74,0,803,2.06,0,0,0
39,53.3324,-6.25272,"2025-03-03 20:00:08",2025-03-03,20,"2025-03-03 07:07:58","2025-03-03 18:06:09",10.16,9.16,1028,74,0,803,2.06,0,0,0
40,53.3483,-6.26665,"2025-03-03 19:53:28",2025-03-03,19,"2025-03-03 07:08:05","2025-03-03 18:06:14",10.23,9.24,1028,74,0,803,2.24,0,0,0
40,53.3483,-6.26665,"2025-03-03 20:00:02",2025-03-03,20,"2025-03-03 07:08:05","2025-03-03 18:06:14",10.23,9.24,1028,74,0,803,2.24,0,0,0
41,53.3328,-6.25794,"2025-03-03 19:53:29",2025-03-03,19,"2025-03-03 07:08:02","2025-03-03 18:06:13",10.13,9.13,1028,74,0,803,2.06,0,0,0
41,53.3328,-6.25794,"2025-03-03 20:00:03",2025-03-03,20,"2025-03-03 07:08:02","2025-03-03 18:06:13",10.13,9.13,1028,74,0,803,2.06,0,0,0
42,53.3496,-6.2782,"2025-03-03 19:53:39",2025-03-03,19,"2025-03-03 07:08:07","2025-03-03 18:06:16",10.24,9.25,1028,74,0,803,2.24,0,0,0
42,53.3496,-6.2782,"2025-03-03 20:00:14",2025-03-03,20,"2025-03-03 07:08:07","2025-03-03 18:06:16",10.24,9.25,1028,74,0,803,2.24,0,0,0
43,53.3301,-6.26804,"2025-03-03 19:53:33",2025-03-03,19,"2025-03-03 07:08:03","2025-03-03 18:06:14",10.15,9.15,1028,74,0,803,2.06,0,0,0
43,53.3301,-6.26804,"2025-03-03 20:00:08",2025-03-03,20,"2025-03-03 07:08:03","2025-03-03 18:06:14",10.15,9.15,1028,74,0,803,2.06,0,0,0
44,53.3584,-6.26064,"2025-03-03 19:53:32",2025-03-03,19,"2025-03-03 07:08:04","2025-03-03 18:06:12",10.2,9.21,1028,74,0,803,2.24,0,0,0
44,53.3584,-6.26064,"2025-03-03 20:00:06",2025-03-03,20,"2025-03-03 07:08:04","2025-03-03 18:06:12",10.2,9.21,1028,74,0,803,2.24,0,0,0
45,53.3515,-6.25527,"2025-03-03 19:53:35",2025-03-03,19,"2025-03-03 07:08:03","2025-03-03 18:06:12",10.19,9.2,1028,74,0,803,2.24,0,0,0
45,53.3515,-6.25527,"2025-03-03 20:00:10",2025-03-03,20,"2025-03-03 07:08:03","2025-03-03 18:06:12",10.19,9.2,1028,74,0,803,2.24,0,0,0
47,53.3357,-6.24551,"2025-03-03 19:53:31",2025-03-03,19,"2025-03-03 07:08:00","2025-03-03 18:06:11",10.15,9.15,1028,74,0,803,2.06,0,0,0
47,53.3357,-6.24551,"2025-03-03 20:00:06",2025-03-03,20,"2025-03-03 07:08:00","2025-03-03 18:06:11",10.15,9.15,1028,74,0,803,2.06,0,0,0
48,53.3478,-6.24424,"2025-03-03 19:53:43",2025-03-03,19,"2025-03-03 07:07:59","2025-03-03 18:06:08",10.25,9.26,1028,74,0,803,2.24,0,0,0
48,53.3478,-6.24424,"2025-03-03 20:00:19",2025-03-03,20,"2025-03-03 07:07:59","2025-03-03 18:06:08",10.25,9.26,1028,74,0,803,2.24,0,0,0
49,53.3479,-6.24093,"2025-03-03 19:53:43",2025-03-03,19,"2025-03-03 07:07:59","2025-03-03 18:06:08",10.25,9.26,1028,74,0,803,2.24,0,0,0
49,53.3479,-6.24093,"2025-03-03 20:00:19",2025-03-03,20,"2025-03-03 07:07:59","2025-03-03 18:06:08",10.25,9.26,1028,74,0,803,2.24,0,0,0
50,53.3502,-6.2797,"2025-03-03 19:53:39",2025-03-03,19,"2025-03-03 07:08:07","2025-03-03 18:06:16",10.24,9.25,1028,74,0,803,2.24,0,0,0
50,53.3502,-6.2797,"2025-03-03 20:00:14",2025-03-03,20,"2025-03-03 07:08:07","2025-03-03 18:06:16",10.24,9.25,1028,74,0,803,2.24,0,0,0
51,53.3393,-6.2647,"2025-03-03 19:53:28",2025-03-03,19,"2025-03-03 07:08:03","2025-03-03 18:06:13",10.16,9.16,1028,74,0,803,2.06,0,0,0
51,53.3393,-6.2647,"2025-03-03 20:00:01",2025-03-03,20,"2025-03-03 07:08:03","2025-03-03 18:06:13",10.16,9.16,1028,74,0,803,2.06,0,0,0
52,53.3388,-6.262,"2025-03-03 19:53:28",2025-03-03,19,"2025-03-03 07:08:03","2025-03-03 18:06:13",10.16,9.16,1028,74,0,803,2.06,0,0,0
52,53.3388,-6.262,"2025-03-03 20:00:01",2025-03-03,20,"2025-03-03 07:08:03","2025-03-03 18:06:13",10.16,9.16,1028,74,0,803,2.06,0,0,0
53,53.3371,-6.26059,"2025-03-03 19:53:28",2025-03-03,19,"2025-03-03 07:08:03","2025-03-03 18:06:13",10.16,9.16,1028,74,0,803,2.06,0,0,0
53,53.3371,-6.26059,"2025-03-03 20:00:01",2025-03-03,20,"2025-03-03 07:08:03","2025-03-03 18:06:13",10.16,9.16,1028,74,0,803,2.06,0,0,0
54,53.336,-6.26298,"2025-03-03 19:53:28",2025-03-03,19,"2025-03-03 07:08:03","2025-03-03 18:06:13",10.16,9.16,1028,74,0,803,2.06,0,0,0
54,53.336,-6.26298,"2025-03-03 20:00:01",2025-03-03,20,"2025-03-03 07:08:03","2025-03-03 18:06:13",10.16,9.16,1028,74,0,803,2.06,0,0,0
55,53.334,-6.26071,"2025-03-03 19:53:29",2025-03-03,19,"2025-03-03 07:08:02","2025-03-03 18:06:13",10.13,9.13,1028,74,0,803,2.06,0,0,0
55,53.334,-6.26071,"2025-03-03 20:00:03",2025-03-03,20,"2025-03-03 07:08:02","2025-03-03 18:06:13",10.13,9.13,1028,74,0,803,2.06,0,0,0
56,53.338,-6.24153,"2025-03-03 19:53:46",2025-03-03,19,"2025-03-03 07:07:58","2025-03-03 18:06:08",10.18,9.19,1028,74,0,803,2.06,0,0,0
56,53.338,-6.24153,"2025-03-03 20:00:22",2025-03-03,20,"2025-03-03 07:07:58","2025-03-03 18:06:08",10.18,9.19,1028,74,0,803,2.06,0,0,0
57,53.3396,-6.24378,"2025-03-03 19:53:46",2025-03-03,19,"2025-03-03 07:07:58","2025-03-03 18:06:08",10.18,9.19,1028,74,0,803,2.06,0,0,0
57,53.3396,-6.24378,"2025-03-03 20:00:22",2025-03-03,20,"2025-03-03 07:07:58","2025-03-03 18:06:08",10.18,9.19,1028,74,0,803,2.06,0,0,0
58,53.3392,-6.24064,"2025-03-03 19:53:46",2025-03-03,19,"2025-03-03 07:07:58","2025-03-03 18:06:08",10.18,9.19,1028,74,0,803,2.06,0,0,0
58,53.3392,-6.24064,"2025-03-03 20:00:22",2025-03-03,20,"2025-03-03 07:07:58","2025-03-03 18:06:08",10.18,9.19,1028,74,0,803,2.06,0,0,0
59,53.3556,-6.2614,"2025-03-03 19:53:32",2025-03-03,19,"2025-03-03 07:08:04","2025-03-03 18:06:12",10.2,9.21,1028,74,0,803,2.24,0,0,0
59,53.3556,-6.2614,"2025-03-03 20:00:06",2025-03-03,20,"2025-03-03 07:08:04","2025-03-03 18:06:12",10.2,9.21,1028,74,0,803,2.24,0,0,0
60,53.3596,-6.26035,"2025-03-03 19:53:32",2025-03-03,19,"2025-03-03 07:08:04","2025-03-03 18:06:12",10.2,9.21,1028,74,0,803,2.24,0,0,0
60,53.3596,-6.26035,"2025-03-03 20:00:06",2025-03-03,20,"2025-03-03 07:08:04","2025-03-03 18:06:12",10.2,9.21,1028,74,0,803,2.24,0,0,0
61,53.357,-6.26323,"2025-03-03 19:53:32",2025-03-03,19,"2025-03-03 07:08:04","2025-03-03 18:06:12",10.2,9.21,1028,74,0,803,2.24,0,0,0
61,53.357,-6.26323,"2025-03-03 20:00:06",2025-03-03,20,"2025-03-03 07:08:04","2025-03-03 18:06:12",10.2,9.21,1028,74,0,803,2.24,0,0,0
62,53.346,-6.24358,"2025-03-03 19:53:43",2025-03-03,19,"2025-03-03 07:07:59","2025-03-03 18:06:08",10.25,9.26,1028,74,0,803,2.24,0,0,0
62,53.346,-6.24358,"2025-03-03 20:00:19",2025-03-03,20,"2025-03-03 07:07:59","2025-03-03 18:06:08",10.25,9.26,1028,74,0,803,2.24,0,0,0
63,53.3414,-6.24672,"2025-03-03 19:53:31",2025-03-03,19,"2025-03-03 07:08:00","2025-03-03 18:06:11",10.15,9.15,1028,74,0,803,2.06,0,0,0
63,53.3414,-6.24672,"2025-03-03 20:00:06",2025-03-03,20,"2025-03-03 07:08:00","2025-03-03 18:06:11",10.15,9.15,1028,74,0,803,2.06,0,0,0
64,53.3452,-6.24716,"2025-03-03 19:53:30",2025-03-03,19,"2025-03-03 07:08:00","2025-03-03 18:06:09",10.25,9.26,1028,74,0,803,2.24,0,0,0
64,53.3452,-6.24716,"2025-03-03 20:00:04",2025-03-03,20,"2025-03-03 07:08:00","2025-03-03 18:06:09",10.25,9.26,1028,74,0,803,2.24,0,0,0
65,53.3474,-6.23852,"2025-03-03 19:53:43",2025-03-03,19,"2025-03-03 07:07:59","2025-03-03 18:06:08",10.25,9.26,1028,74,0,803,2.24,0,0,0
65,53.3474,-6.23852,"2025-03-03 20:00:19",2025-03-03,20,"2025-03-03 07:07:59","2025-03-03 18:06:08",10.25,9.26,1028,74,0,803,2.24,0,0,0
66,53.3471,-6.23475,"2025-03-03 19:53:49",2025-03-03,19,"2025-03-03 07:07:57","2025-03-03 18:06:06",10.25,9.26,1028,74,0,803,2.24,0,0,0
66,53.3471,-6.23475,"2025-03-03 20:00:26",2025-03-03,20,"2025-03-03 07:07:57","2025-03-03 18:06:06",10.25,9.26,1028,74,0,803,2.24,0,0,0
67,53.3469,-6.23085,"2025-03-03 19:53:49",2025-03-03,19,"2025-03-03 07:07:57","2025-03-03 18:06:06",10.25,9.26,1028,74,0,803,2.24,0,0,0
67,53.3469,-6.23085,"2025-03-03 20:00:26",2025-03-03,20,"2025-03-03 07:07:57","2025-03-03 18:06:06",10.25,9.26,1028,74,0,803,2.24,0,0,0
68,53.3441,-6.23715,"2025-03-03 19:53:46",2025-03-03,19,"2025-03-03 07:07:58","2025-03-03 18:06:08",10.18,9.19,1028,74,0,803,2.06,0,0,0
68,53.3441,-6.23715,"2025-03-03 20:00:22",2025-03-03,20,"2025-03-03 07:07:58","2025-03-03 18:06:08",10.18,9.19,1028,74,0,803,2.06,0,0,0
69,53.3426,-6.2387,"2025-03-03 19:53:46",2025-03-03,19,"2025-03-03 07:07:58","2025-03-03 18:06:08",10.18,9.19,1028,74,0,803,2.06,0,0,0
69,53.3426,-6.2387,"2025-03-03 20:00:22",2025-03-03,20,"2025-03-03 07:07:58","2025-03-03 18:06:08",10.18,9.19,1028,74,0,803,2.06,0,0,0
71,53.3378,-6.2677,"2025-03-03 19:53:29",2025-03-03,19,"2025-03-03 07:08:05","2025-03-03 18:06:15",10.18,9.19,1028,74,0,803,2.06,0,0,0
71,53.3378,-6.2677,"2025-03-03 20:00:03",2025-03-03,20,"2025-03-03 07:08:05","2025-03-03 18:06:15",10.18,9.19,1028,74,0,803,2.06,0,0,0
72,53.3431,-6.27717,"2025-03-03 19:53:29",2025-03-03,19,"2025-03-03 07:08:06","2025-03-03 18:06:16",10.18,9.19,1028,74,0,803,2.06,0,0,0
72,53.3431,-6.27717,"2025-03-03 20:00:04",2025-03-03,20,"2025-03-03 07:08:06","2025-03-03 18:06:16",10.18,9.19,1028,74,0,803,2.06,0,0,0
73,53.3421,-6.27523,"2025-03-03 19:53:29",2025-03-03,19,"2025-03-03 07:08:06","2025-03-03 18:06:16",10.18,9.19,1028,74,0,803,2.06,0,0,0
73,53.3421,-6.27523,"2025-03-03 20:00:04",2025-03-03,20,"2025-03-03 07:08:06","2025-03-03 18:06:16",10.18,9.19,1028,74,0,803,2.06,0,0,0
74,53.3439,-6.28053,"2025-03-03 19:53:29",2025-03-03,19,"2025-03-03 07:08:06","2025-03-03 18:06:16",10.18,9.19,1028,74,0,803,2.06,0,0,0
74,53.3439,-6.28053,"2025-03-03 20:00:04",2025-03-03,20,"2025-03-03 07:08:06","2025-03-03 18:06:16",10.18,9.19,1028,74,0,803,2.06,0,0,0
75,53.3435,-6.28741,"2025-03-03 19:53:52",2025-03-03,19,"2025-03-03 07:08:09","2025-03-03 18:06:19",10.14,9.14,1028,74,0,803,2.06,0,0,0
75,53.3435,-6.28741,"2025-03-03 20:00:30",2025-03-03,20,"2025-03-03 07:08:09","2025-03-03 18:06:19",10.14,9.14,1028,74,0,803,2.06,0,0,0
76,53.3423,-6.28766,"2025-03-03 19:53:52",2025-03-03,19,"2025-03-03 07:08:09","2025-03-03 18:06:19",10.14,9.14,1028,74,0,803,2.06,0,0,0
76,53.3423,-6.28766,"2025-03-03 20:00:30",2025-03-03,20,"2025-03-03 07:08:09","2025-03-03 18:06:19",10.14,9.14,1028,74,0,803,2.06,0,0,0
77,53.3489,-6.26746,"2025-03-03 19:53:28",2025-03-03,19,"2025-03-03 07:08:05","2025-03-03 18:06:14",10.23,9.24,1028,74,0,803,2.24,0,0,0
77,53.3489,-6.26746,"2025-03-03 20:00:02",2025-03-03,20,"2025-03-03 07:08:05","2025-03-03 18:06:14",10.23,9.24,1028,74,0,803,2.24,0,0,0
78,53.36,-6.26483,"2025-03-03 19:53:32",2025-03-03,19,"2025-03-03 07:08:04","2025-03-03 18:06:12",10.2,9.21,1028,74,0,803,2.24,0,0,0
78,53.36,-6.26483,"2025-03-03 20:00:06",2025-03-03,20,"2025-03-03 07:08:04","2025-03-03 18:06:12",10.2,9.21,1028,74,0,803,2.24,0,0,0
79,53.3581,-6.2656,"2025-03-03 19:53:28",2025-03-03,19,"2025-03-03 07:08:05","2025-03-03 18:06:13",10.16,9.16,1028,74,0,803,2.24,0,0,0
79,53.3581,-6.2656,"2025-03-03 20:00:01",2025-03-03,20,"2025-03-03 07:08:05","2025-03-03 18:06:13",10.16,9.16,1028,74,0,803,2.24,0,0,0
80,53.3414,-6.29295,"2025-03-03 19:53:52",2025-03-03,19,"2025-03-03 07:08:09","2025-03-03 18:06:19",10.14,9.14,1028,74,0,803,2.06,0,0,0
80,53.3414,-6.29295,"2025-03-03 20:00:30",2025-03-03,20,"2025-03-03 07:08:09","2025-03-03 18:06:19",10.14,9.14,1028,74,0,803,2.06,0,0,0
82,53.3416,-6.29719,"2025-03-03 19:53:54",2025-03-03,19,"2025-03-03 07:08:11","2025-03-03 18:06:21",10.18,9.19,1028,74,0,803,2.06,0,0,0
82,53.3416,-6.29719,"2025-03-03 20:00:32",2025-03-03,20,"2025-03-03 07:08:11","2025-03-03 18:06:21",10.18,9.19,1028,74,0,803,2.06,0,0,0
83,53.3407,-6.30819,"2025-03-03 19:53:55",2025-03-03,19,"2025-03-03 07:08:14","2025-03-03 18:06:24",10.17,9.17,1028,74,0,803,2.06,0,0,0
83,53.3407,-6.30819,"2025-03-03 20:00:32",2025-03-03,20,"2025-03-03 07:08:14","2025-03-03 18:06:24",10.17,9.17,1028,74,0,803,2.06,0,0,0
84,53.339,-6.30022,"2025-03-03 19:53:54",2025-03-03,19,"2025-03-03 07:08:11","2025-03-03 18:06:21",10.18,9.19,1028,74,0,803,2.06,0,0,0
84,53.339,-6.30022,"2025-03-03 20:00:32",2025-03-03,20,"2025-03-03 07:08:11","2025-03-03 18:06:21",10.18,9.19,1028,74,0,803,2.06,0,0,0
85,53.3388,-6.30395,"2025-03-03 19:53:54",2025-03-03,19,"2025-03-03 07:08:11","2025-03-03 18:06:21",10.18,9.19,1028,74,0,803,2.06,0,0,0
85,53.3388,-6.30395,"2025-03-03 20:00:32",2025-03-03,20,"2025-03-03 07:08:11","2025-03-03 18:06:21",10.18,9.19,1028,74,0,803,2.06,0,0,0
86,53.348,-6.2918,"2025-03-03 19:53:56",2025-03-03,19,"2025-03-03 07:08:10","2025-03-03 18:06:19",10.19,9.2,1028,74,0,803,2.24,0,0,0
86,53.348,-6.2918,"2025-03-03 20:00:34",2025-03-03,20,"2025-03-03 07:08:10","2025-03-03 18:06:19",10.19,9.2,1028,74,0,803,2.24,0,0,0
87,53.3475,-6.28525,"2025-03-03 19:53:56",2025-03-03,19,"2025-03-03 07:08:10","2025-03-03 18:06:19",10.19,9.2,1028,74,0,803,2.24,0,0,0
87,53.3475,-6.28525,"2025-03-03 20:00:34",2025-03-03,20,"2025-03-03 07:08:10","2025-03-03 18:06:19",10.19,9.2,1028,74,0,803,2.24,0,0,0
88,53.3488,-6.28164,"2025-03-03 19:53:39",2025-03-03,19,"2025-03-03 07:08:07","2025-03-03 18:06:16",10.24,9.25,1028,74,0,803,2.24,0,0,0
88,53.3488,-6.28164,"2025-03-03 20:00:14",2025-03-03,20,"2025-03-03 07:08:07","2025-03-03 18:06:16",10.24,9.25,1028,74,0,803,2.24,0,0,0
89,53.3352,-6.2509,"2025-03-03 19:53:31",2025-03-03,19,"2025-03-03 07:08:00","2025-03-03 18:06:11",10.15,9.15,1028,74,0,803,2.06,0,0,0
89,53.3352,-6.2509,"2025-03-03 20:00:06",2025-03-03,20,"2025-03-03 07:08:00","2025-03-03 18:06:11",10.15,9.15,1028,74,0,803,2.06,0,0,0
90,53.3442,-6.23345,"2025-03-03 19:53:57",2025-03-03,19,"2025-03-03 07:07:56","2025-03-03 18:06:06",10.24,9.25,1028,74,0,803,2.24,0,0,0
90,53.3442,-6.23345,"2025-03-03 20:00:35",2025-03-03,20,"2025-03-03 07:07:56","2025-03-03 18:06:06",10.24,9.25,1028,74,0,803,2.24,0,0,0
91,53.3418,-6.23129,"2025-03-03 19:53:57",2025-03-03,19,"2025-03-03 07:07:56","2025-03-03 18:06:06",10.24,9.25,1028,74,0,803,2.24,0,0,0
91,53.3418,-6.23129,"2025-03-03 20:00:35",2025-03-03,20,"2025-03-03 07:07:56","2025-03-03 18:06:06",10.24,9.25,1028,74,0,803,2.24,0,0,0
92,53.3478,-6.29243,"2025-03-03 19:53:56",2025-03-03,19,"2025-03-03 07:08:10","2025-03-03 18:06:19",10.19,9.2,1028,74,0,803,2.24,0,0,0
92,53.3478,-6.29243,"2025-03-03 20:00:34",2025-03-03,20,"2025-03-03 07:08:10","2025-03-03 18:06:19",10.19,9.2,1028,74,0,803,2.24,0,0,0
93,53.3466,-6.29692,"2025-03-03 19:53:59",2025-03-03,19,"2025-03-03 07:08:12","2025-03-03 18:06:21",10.25,9.26,1028,74,0,803,2.06,0,0,0
93,53.3466,-6.29692,"2025-03-03 20:00:36",2025-03-03,20,"2025-03-03 07:08:12","2025-03-03 18:06:21",10.25,9.26,1028,74,0,803,2.06,0,0,0
94,53.347,-6.2978,"2025-03-03 19:53:59",2025-03-03,19,"2025-03-03 07:08:12","2025-03-03 18:06:21",10.25,9.26,1028,74,0,803,2.06,0,0,0
94,53.347,-6.2978,"2025-03-03 20:00:36",2025-03-03,20,"2025-03-03 07:08:12","2025-03-03 18:06:21",10.25,9.26,1028,74,0,803,2.06,0,0,0
95,53.3439,-6.29706,"2025-03-03 19:53:54",2025-03-03,19,"2025-03-03 07:08:11","2025-03-03 18:06:21",10.18,9.19,1028,74,0,803,2.06,0,0,0
95,53.3439,-6.29706,"2025-03-03 20:00:32",2025-03-03,20,"2025-03-03 07:08:11","2025-03-03 18:06:21",10.18,9.19,1028,74,0,803,2.06,0,0,0
96,53.3418,-6.30509,"2025-03-03 19:53:55",2025-03-03,19,"2025-03-03 07:08:14","2025-03-03 18:06:24",10.17,9.17,1028,74,0,803,2.06,0,0,0
96,53.3418,-6.30509,"2025-03-03 20:00:32",2025-03-03,20,"2025-03-03 07:08:14","2025-03-03 18:06:24",10.17,9.17,1028,74,0,803,2.06,0,0,0
97,53.3421,-6.31002,"2025-03-03 19:53:55",2025-03-03,19,"2025-03-03 07:08:14","2025-03-03 18:06:24",10.17,9.17,1028,74,0,803,2.06,0,0,0
97,53.3421,-6.31002,"2025-03-03 20:00:32",2025-03-03,20,"2025-03-03 07:08:14","2025-03-03 18:06:24",10.17,9.17,1028,74,0,803,2.06,0,0,0
98,53.3415,-6.25685,"2025-03-03 19:53:28",2025-03-03,19,"2025-03-03 07:08:03","2025-03-03 18:06:13",10.16,9.16,1028,74,0,803,2.06,0,0,0
98,53.3415,-6.25685,"2025-03-03 20:00:01",2025-03-03,20,"2025-03-03 07:08:03","2025-03-03 18:06:13",10.16,9.16,1028,74,0,803,2.06,0,0,0
99,53.3466,-6.24615,"2025-03-03 19:53:30",2025-03-03,19,"2025-03-03 07:08:00","2025-03-03 18:06:09",10.25,9.26,1028,74,0,803,2.24,0,0,0
99,53.3466,-6.24615,"2025-03-03 20:00:04",2025-03-03,20,"2025-03-03 07:08:00","2025-03-03 18:06:09",10.25,9.26,1028,74,0,803,2.24,0,0,0
100,53.3471,-6.29204,"2025-03-03 19:53:56",2025-03-03,19,"2025-03-03 07:08:10","2025-03-03 18:06:19",10.19,9.2,1028,74,0,803,2.24,0,0,0
100,53.3471,-6.29204,"2025-03-03 20:00:34",2025-03-03,20,"2025-03-03 07:08:10","2025-03-03 18:06:19",10.19,9.2,1028,74,0,803,2.24,0,0,0
101,53.3503,-6.27351,"2025-03-03 19:53:28",2025-03-03,19,"2025-03-03 07:08:05","2025-03-03 18:06:14",10.23,9.24,1028,74,0,803,2.24,0,0,0
101,53.3503,-6.27351,"2025-03-03 20:00:02",2025-03-03,20,"2025-03-03 07:08:05","2025-03-03 18:06:14",10.23,9.24,1028,74,0,803,2.24,0,0,0
102,53.3549,-6.26942,"2025-03-03 19:53:28",2025-03-03,19,"2025-03-03 07:08:05","2025-03-03 18:06:14",10.23,9.24,1028,74,0,803,2.24,0,0,0
102,53.3549,-6.26942,"2025-03-03 20:00:02",2025-03-03,20,"2025-03-03 07:08:05","2025-03-03 18:06:14",10.23,9.24,1028,74,0,803,2.24,0,0,0
103,53.3547,-6.27868,"2025-03-03 19:53:39",2025-03-03,19,"2025-03-03 07:08:07","2025-03-03 18:06:16",10.24,9.25,1028,74,0,803,2.24,0,0,0
103,53.3547,-6.27868,"2025-03-03 20:00:14",2025-03-03,20,"2025-03-03 07:08:07","2025-03-03 18:06:16",10.24,9.25,1028,74,0,803,2.24,0,0,0
104,53.3552,-6.27842,"2025-03-03 19:54:02",2025-03-03,19,"2025-03-03 07:08:08","2025-03-03 18:06:16",10.17,9.17,1028,74,0,803,2.24,0,0,0
104,53.3552,-6.27842,"2025-03-03 20:00:40",2025-03-03,20,"2025-03-03 07:08:08","2025-03-03 18:06:16",10.17,9.17,1028,74,0,803,2.24,0,0,0
105,53.356,-6.27838,"2025-03-03 19:54:02",2025-03-03,19,"2025-03-03 07:08:08","2025-03-03 18:06:16",10.17,9.17,1028,74,0,803,2.24,0,0,0
105,53.356,-6.27838,"2025-03-03 20:00:40",2025-03-03,20,"2025-03-03 07:08:08","2025-03-03 18:06:16",10.17,9.17,1028,74,0,803,2.24,0,0,0
106,53.3589,-6.28034,"2025-03-03 19:54:02",2025-03-03,19,"2025-03-03 07:08:08","2025-03-03 18:06:16",10.17,9.17,1028,74,0,803,2.24,0,0,0
106,53.3589,-6.28034,"2025-03-03 20:00:40",2025-03-03,20,"2025-03-03 07:08:08","2025-03-03 18:06:16",10.17,9.17,1028,74,0,803,2.24,0,0,0
107,53.3592,-6.28187,"2025-03-03 19:54:02",2025-03-03,19,"2025-03-03 07:08:08","2025-03-03 18:06:16",10.17,9.17,1028,74,0,803,2.24,0,0,0
107,53.3592,-6.28187,"2025-03-03 20:00:40",2025-03-03,20,"2025-03-03 07:08:08","2025-03-03 18:06:16",10.17,9.17,1028,74,0,803,2.24,0,0,0
108,53.3594,-6.27614,"2025-03-03 19:54:02",2025-03-03,19,"2025-03-03 07:08:08","2025-03-03 18:06:16",10.17,9.17,1028,74,0,803,2.24,0,0,0
108,53.3594,-6.27614,"2025-03-03 20:00:40",2025-03-03,20,"2025-03-03 07:08:08","2025-03-03 18:06:16",10.17,9.17,1028,74,0,803,2.24,0,0,0
109,53.3533,-6.24932,"2025-03-03 19:53:30",2025-03-03,19,"2025-03-03 07:08:00","2025-03-03 18:06:09",10.25,9.26,1028,74,0,803,2.24,0,0,0
109,53.3533,-6.24932,"2025-03-03 20:00:04",2025-03-03,20,"2025-03-03 07:08:00","2025-03-03 18:06:09",10.25,9.26,1028,74,0,803,2.24,0,0,0
110,53.3563,-6.27372,"2025-03-03 19:53:28",2025-03-03,19,"2025-03-03 07:08:05","2025-03-03 18:06:13",10.16,9.16,1028,74,0,803,2.24,0,0,0
110,53.3563,-6.27372,"2025-03-03 20:00:01",2025-03-03,20,"2025-03-03 07:08:05","2025-03-03 18:06:13",10.16,9.16,1028,74,0,803,2.24,0,0,0
111,53.3567,-6.25636,"2025-03-03 19:53:32",2025-03-03,19,"2025-03-03 07:08:04","2025-03-03 18:06:12",10.2,9.21,1028,74,0,803,2.24,0,0,0
111,53.3567,-6.25636,"2025-03-03 20:00:06",2025-03-03,20,"2025-03-03 07:08:04","2025-03-03 18:06:12",10.2,9.21,1028,74,0,803,2.24,0,0,0
112,53.3578,-6.25156,"2025-03-03 19:54:05",2025-03-03,19,"2025-03-03 07:08:02","2025-03-03 18:06:09",10.23,9.24,1028,74,0,803,2.24,0,0,0
112,53.3578,-6.25156,"2025-03-03 20:00:43",2025-03-03,20,"2025-03-03 07:08:02","2025-03-03 18:06:09",10.23,9.24,1028,74,0,500,2.24,0,0,0
113,53.3386,-6.24861,"2025-03-03 19:53:31",2025-03-03,19,"2025-03-03 07:08:00","2025-03-03 18:06:11",10.15,9.15,1028,74,0,803,2.06,0,0,0
113,53.3386,-6.24861,"2025-03-03 20:00:06",2025-03-03,20,"2025-03-03 07:08:00","2025-03-03 18:06:11",10.15,9.15,1028,74,0,803,2.06,0,0,0
114,53.3337,-6.24834,"2025-03-03 19:53:33",2025-03-03,19,"2025-03-03 07:07:58","2025-03-03 18:06:09",10.16,9.16,1028,74,0,803,2.06,0,0,0
114,53.3337,-6.24834,"2025-03-03 20:00:08",2025-03-03,20,"2025-03-03 07:07:58","2025-03-03 18:06:09",10.16,9.16,1028,74,0,803,2.06,0,0,0
115,53.3548,-6.24758,"2025-03-03 19:53:30",2025-03-03,19,"2025-03-03 07:08:00","2025-03-03 18:06:09",10.25,9.26,1028,74,0,803,2.24,0,0,0
115,53.3548,-6.24758,"2025-03-03 20:00:04",2025-03-03,20,"2025-03-03 07:08:00","2025-03-03 18:06:09",10.25,9.26,1028,74,0,803,2.24,0,0,0
116,53.3547,-6.27231,"2025-03-03 19:53:28",2025-03-03,19,"2025-03-03 07:08:05","2025-03-03 18:06:14",10.23,9.24,1028,74,0,803,2.24,0,0,0
116,53.3547,-6.27231,"2025-03-03 20:00:02",2025-03-03,20,"2025-03-03 07:08:05","2025-03-03 18:06:14",10.23,9.24,1028,74,0,803,2.24,0,0,0
117,53.3437,-6.23175,"2025-03-03 19:53:57",2025-03-03,19,"2025-03-03 07:07:56","2025-03-03 18:06:06",10.24,9.25,1028,74,0,803,2.24,0,0,0
117,53.3437,-6.23175,"2025-03-03 20:00:35",2025-03-03,20,"2025-03-03 07:07:56","2025-03-03 18:06:06",10.24,9.25,1028,74,0,803,2.24,0,0,0
